{"stat.chestOpened":5,"stat.useItem.minecraft.stone":10,"stat.leaveGame":7,"stat.useItem.minecraft.skull":4,"stat.useItem.minecraft.diamond_sword":28,"stat.useItem.minecraft.clay":6,"stat.useItem.minecraft.glowstone":26,"stat.useItem.minecraft.bedrock":29,"stat.jump":2555,"stat.swimOneCm":6707,"stat.climbOneCm":131,"stat.fallOneCm":7023,"stat.crouchOneCm":24756,"stat.useItem.minecraft.obsidian":15,"stat.useItem.minecraft.dirt":350,"stat.useItem.minecraft.stone_button":9,"achievement.exploreAllBiomes":{"value":0,"progress":["ForestHills","Extreme Hills+","Forest","River","Plains","Taiga","Extreme Hills","Swampland","Hell"]},"stat.damageTaken":3140,"stat.flyOneCm":2540183,"stat.damageDealt":4950,"stat.useItem.minecraft.wool":1,"stat.timeSinceDeath":116405,"stat.useItem.minecraft.sign":14,"stat.useItem.minecraft.wooden_slab":3,"stat.useItem.minecraft.command_block":1,"stat.walkOneCm":531180,"stat.useItem.minecraft.torch":11,"stat.useItem.minecraft.chest":6,"stat.playerKills":6,"stat.useItem.minecraft.log":18,"stat.useItem.minecraft.armor_stand":1,"stat.useItem.minecraft.double_plant":3,"stat.useItem.minecraft.milk_bucket":6,"stat.useItem.minecraft.spruce_stairs":2,"stat.useItem.minecraft.leaves":90,"stat.sprintOneCm":328719,"stat.useItem.minecraft.tallgrass":215,"stat.useItem.minecraft.netherrack":25,"stat.useItem.minecraft.stone_slab":170,"achievement.openInventory":78,"stat.useItem.minecraft.flint_and_steel":7,"stat.useItem.minecraft.wooden_button":10,"stat.deaths":4,"stat.drop":1,"stat.playOneMinute":247717,"stat.useItem.minecraft.wooden_axe":15,"stat.diveOneCm":74381}