{"stat.walkOneCm":46145,"achievement.openInventory":11,"stat.leaveGame":3,"stat.useItem.minecraft.log":1,"stat.damageTaken":30,"stat.useItem.minecraft.skull":3,"stat.flyOneCm":216651,"stat.jump":301,"stat.playOneMinute":23913,"stat.fallOneCm":559,"stat.useItem.minecraft.fire_charge":3,"stat.damageDealt":20,"stat.crouchOneCm":5566,"stat.timeSinceDeath":23913,"stat.useItem.minecraft.dirt":16,"stat.useItem.minecraft.leaves":21,"stat.sprintOneCm":21842,"stat.useItem.minecraft.spawn_egg":27,"stat.useItem.minecraft.wooden_slab":6,"achievement.exploreAllBiomes":{"value":0,"progress":["ForestHills","Forest","Plains"]}}