{"stat.useItem.minecraft.bow":45,"stat.walkOneCm":313222,"stat.playerKills":16,"stat.leaveGame":4,"stat.useItem.minecraft.cooked_porkchop":1,"stat.mineBlock.minecraft.double_plant":2,"stat.killEntity.Creeper":3,"stat.useItem.minecraft.diamond_sword":395,"stat.useItem.minecraft.potion":3,"stat.jump":943,"stat.fallOneCm":15612,"stat.crouchOneCm":6195,"stat.useItem.minecraft.dirt":39,"stat.sprintOneCm":174031,"achievement.exploreAllBiomes":{"value":0,"progress":["ForestHills","Forest","River","Plains","Hell"]},"stat.killEntity.Skeleton":2,"achievement.openInventory":59,"stat.damageTaken":3021,"stat.killEntity.Spider":3,"stat.mobKills":16,"stat.useItem.minecraft.beef":1,"stat.useItem.minecraft.golden_apple":18,"stat.flyOneCm":255064,"stat.deaths":8,"stat.drop":49,"stat.playOneMinute":58880,"stat.killEntity.Sheep":1,"stat.damageDealt":51900,"stat.killEntity.Rabbit":1,"stat.killEntity.Zombie":4,"stat.timeSinceDeath":2266,"stat.killEntity.Cow":2,"stat.mineBlock.minecraft.tallgrass":58,"stat.useItem.minecraft.fishing_rod":184}