{"stat.chestOpened":6,"stat.useItem.minecraft.stone":3,"stat.leaveGame":9,"stat.useItem.minecraft.sponge":64,"stat.useItem.minecraft.skull":13,"stat.useItem.minecraft.diamond_sword":103,"stat.useItem.minecraft.glowstone":71,"stat.killEntity.PigZombie":4,"stat.useItem.minecraft.bedrock":14,"stat.jump":1195,"stat.swimOneCm":40113,"stat.fallOneCm":23015,"stat.useItem.minecraft.planks":104,"stat.climbOneCm":1640,"stat.useItem.minecraft.nether_brick_stairs":35,"stat.crouchOneCm":121318,"stat.useItem.minecraft.nether_brick_fence":45,"stat.useItem.minecraft.obsidian":168,"stat.useItem.minecraft.dirt":818,"achievement.exploreAllBiomes":{"value":0,"progress":["Birch Forest Hills","ForestHills","Extreme Hills+","Birch Forest","Forest","River","Plains","Taiga","Extreme Hills","Swampland","Hell"]},"stat.entityKilledBy.Spider":1,"stat.damageTaken":9760,"stat.useItem.minecraft.stone_brick_stairs":13,"stat.flyOneCm":3609855,"stat.entityKilledBy.Zombie":3,"stat.damageDealt":13425,"stat.useItem.minecraft.wool":3,"stat.timeSinceDeath":35911,"stat.killEntity.Cow":1,"stat.useItem.minecraft.sign":2,"stat.mineBlock.minecraft.dirt":1,"stat.useItem.minecraft.wooden_slab":799,"stat.useItem.minecraft.command_block":3,"stat.walkOneCm":1377123,"stat.useItem.minecraft.torch":1,"stat.playerKills":12,"stat.useItem.minecraft.log":280,"stat.useItem.minecraft.redstone_block":2,"stat.useItem.minecraft.redstone":2,"stat.useItem.minecraft.spruce_stairs":317,"stat.useItem.minecraft.leaves":167,"stat.sprintOneCm":437136,"stat.useItem.minecraft.tallgrass":1,"stat.useItem.minecraft.fence":26,"stat.useItem.minecraft.netherrack":16,"stat.killEntity.Skeleton":6,"stat.useItem.minecraft.stone_slab":13,"achievement.openInventory":232,"stat.killEntity.Chicken":1,"stat.useItem.minecraft.flint_and_steel":4,"stat.killEntity.Spider":3,"stat.mobKills":19,"stat.useItem.minecraft.dye":439,"stat.useItem.minecraft.beef":1,"stat.useItem.minecraft.golden_apple":8,"stat.deaths":32,"stat.drop":83,"stat.playOneMinute":352264,"stat.useItem.minecraft.nether_brick":12,"stat.useItem.minecraft.ladder":7,"stat.killEntity.Zombie":2,"stat.useItem.minecraft.wooden_axe":32,"stat.mineBlock.minecraft.tallgrass":18,"stat.diveOneCm":65972,"stat.useItem.minecraft.fishing_rod":16,"stat.useItem.minecraft.web":28}