{"stat.chestOpened":31,"stat.useItem.minecraft.bow":176,"stat.leaveGame":4,"stat.mineBlock.minecraft.yellow_flower":1,"stat.useItem.minecraft.skull":1,"stat.useItem.minecraft.diamond_sword":339,"stat.useItem.minecraft.rotten_flesh":5,"stat.jump":1644,"stat.swimOneCm":2132,"stat.useItem.minecraft.sand":1,"stat.fallOneCm":59929,"stat.useItem.minecraft.planks":18,"stat.mineBlock.minecraft.spruce_stairs":1,"stat.crouchOneCm":33681,"stat.useItem.minecraft.dirt":62,"achievement.exploreAllBiomes":{"value":0,"progress":["ForestHills","River","Plains","Hell"]},"stat.damageTaken":9498,"stat.killEntity.Enderman":5,"stat.mineBlock.minecraft.wooden_slab":1,"stat.flyOneCm":319614,"stat.useItem.minecraft.cooked_beef":2,"stat.mineBlock.minecraft.glass":1,"stat.damageDealt":21570,"stat.timeSinceDeath":23730,"stat.killEntity.Cow":1,"stat.mineBlock.minecraft.dirt":29,"stat.useItem.minecraft.sign":1,"stat.useItem.minecraft.wooden_slab":1,"stat.walkOneCm":354530,"stat.playerKills":8,"stat.mineBlock.minecraft.double_plant":6,"stat.useItem.minecraft.cooked_porkchop":1,"stat.killEntity.Creeper":4,"stat.useItem.minecraft.redstone":2,"stat.useItem.minecraft.milk_bucket":1,"stat.useItem.minecraft.spruce_stairs":2,"stat.breakItem.minecraft.iron_helmet":1,"achievement.mineWood":7,"stat.useItem.minecraft.leaves":1,"stat.sprintOneCm":178403,"stat.breakItem.minecraft.diamond_helmet":2,"stat.killEntity.Skeleton":9,"achievement.openInventory":77,"stat.craftItem.minecraft.planks":24,"stat.killEntity.Chicken":1,"stat.killEntity.Spider":5,"stat.mineBlock.minecraft.glowstone":1,"stat.mobKills":46,"stat.mineBlock.minecraft.log":6,"stat.breakItem.minecraft.diamond_boots":2,"stat.useItem.minecraft.golden_apple":43,"stat.deaths":7,"stat.drop":34,"stat.mineBlock.minecraft.leaves":12,"stat.playOneMinute":70712,"stat.killEntity.Zombie":21,"stat.mineBlock.minecraft.tallgrass":132,"stat.diveOneCm":57}