{"stat.useItem.minecraft.bow":7,"stat.walkOneCm":176426,"stat.leaveGame":4,"stat.killEntity.Creeper":3,"stat.useItem.minecraft.diamond_sword":13,"stat.useItem.minecraft.glowstone":360,"stat.jump":349,"stat.swimOneCm":7123,"stat.fallOneCm":335,"stat.useItem.minecraft.milk_bucket":2,"stat.crouchOneCm":11889,"stat.useItem.minecraft.obsidian":84,"stat.useItem.minecraft.dirt":187,"stat.useItem.minecraft.leaves":131,"stat.sprintOneCm":71959,"achievement.exploreAllBiomes":{"value":0,"progress":["ForestHills","Forest","River","Plains","Swampland","Hell"]},"stat.killEntity.Skeleton":4,"achievement.openInventory":60,"stat.useItem.minecraft.cauldron":18,"stat.useItem.minecraft.flint_and_steel":3,"stat.damageTaken":40,"stat.killEntity.Spider":1,"stat.killEntity.Enderman":1,"stat.mobKills":11,"stat.flyOneCm":389579,"stat.drop":25,"stat.playOneMinute":57597,"stat.damageDealt":2090,"stat.killEntity.Zombie":2,"stat.timeSinceDeath":57597,"stat.useItem.minecraft.wooden_axe":20,"stat.useItem.minecraft.sign":6,"stat.useItem.minecraft.wooden_slab":18,"stat.diveOneCm":1157,"stat.useItem.minecraft.fishing_rod":6,"stat.useItem.minecraft.sandstone":5}